TrackID,Title,ArtistID,AlbumID,PlayCount,Duration,ReleaseDate
1,Part.,21,104,324471092,1900-01-01 00:16:30,1996-01-05
2,Scene.,13,79,808138947,1900-01-01 10:46:06,1977-04-17
3,End meeting.,20,15,157463000,1900-01-01 12:22:35,1971-04-21
4,Space building.,24,16,608695699,1900-01-01 04:34:25,1986-01-17
5,Exist maintain.,18,46,186585086,1900-01-01 08:09:30,1994-04-28
6,Section.,22,18,845272907,1900-01-01 23:19:31,1972-02-24
7,Meeting.,2,102,828899902,1900-01-01 09:50:50,2006-12-20
8,Various.,12,98,61890750,1900-01-01 23:57:37,1995-05-18
9,Clear.,20,45,305694627,1900-01-01 23:53:46,2009-01-27
10,Worker.,23,54,617941564,1900-01-01 07:08:12,2001-08-03
11,Do.,13,106,505768971,1900-01-01 14:15:04,1997-02-17
12,Response.,1,111,37732617,1900-01-01 12:04:15,2003-03-17
13,Early.,7,39,797719722,1900-01-01 07:25:28,1987-08-02
14,Again since.,14,99,51615953,1900-01-01 17:37:25,1973-06-14
15,High certainly.,23,120,701913093,1900-01-01 04:37:08,1976-09-16
16,Policy bed.,12,124,216723312,1900-01-01 01:10:54,2023-06-24
17,Likely behind.,19,69,573828472,1900-01-01 20:18:43,1986-06-01
18,Those face.,16,121,206580451,1900-01-01 16:14:47,2007-05-28
19,May.,19,87,869972291,1900-01-01 17:22:43,1996-01-15
20,Behind reveal.,15,46,992941555,1900-01-01 23:07:37,2008-02-10
21,Water item.,21,46,347247267,1900-01-01 21:44:51,1998-04-15
22,Seek choice.,3,39,424292361,1900-01-01 08:49:04,2000-01-03
23,Five sit.,23,27,287128791,1900-01-01 07:48:06,1995-01-22
24,Early.,22,2,247383709,1900-01-01 12:46:36,2022-05-10
25,View arrive.,6,121,500987654,1900-01-01 23:48:12,2005-07-25
26,Cost again.,6,58,261507687,1900-01-01 13:04:43,1977-01-31
27,Personal seven.,6,108,167399884,1900-01-01 07:22:28,2017-08-09
28,Prepare add.,6,96,584262642,1900-01-01 20:29:04,2011-06-21
29,Year environment.,1,53,796289539,1900-01-01 08:47:44,1990-08-10
30,Who sit.,15,68,713980567,1900-01-01 15:02:19,1976-03-04
31,Green something.,13,46,252930521,1900-01-01 14:09:32,2000-04-19
32,Reason question.,25,7,746802789,1900-01-01 11:23:58,1984-01-22
33,Behavior trip.,19,49,300927990,1900-01-01 00:57:10,1988-06-18
34,Quality director.,4,48,465764830,1900-01-01 16:46:48,2017-10-05
35,Work.,17,5,634361142,1900-01-01 01:05:52,1987-05-09
36,Test.,17,72,337910941,1900-01-01 02:33:17,1975-05-21
37,Conference seven.,10,78,229131776,1900-01-01 10:24:27,2013-07-25
38,Offer group.,2,20,489966620,1900-01-01 03:08:44,2020-03-24
39,Item.,25,58,704923083,1900-01-01 03:52:51,2023-06-02
40,Road.,4,123,799112567,1900-01-01 16:13:23,1987-03-27
41,Accept certainly.,20,55,436948343,1900-01-01 01:02:50,1977-10-10
42,Alone within.,17,96,941288252,1900-01-01 07:50:14,1998-04-05
43,Office play.,21,12,444689717,1900-01-01 05:06:27,1997-08-12
44,Offer commercial.,23,87,13870669,1900-01-01 18:51:37,1972-10-17
45,Animal.,14,107,636890330,1900-01-01 18:29:40,2012-05-06
46,Billion possible.,21,27,880383176,1900-01-01 09:34:54,1981-05-01
47,Too outside.,3,84,60914136,1900-01-01 22:08:53,2004-01-25
48,Leg.,11,15,491893292,1900-01-01 05:51:15,1997-06-02
49,Car.,18,4,714722625,1900-01-01 15:34:44,1977-10-02
50,Physical.,7,108,611028801,1900-01-01 03:17:46,1970-08-19
51,Sing.,13,10,809571745,1900-01-01 19:05:46,1972-10-14
52,Life.,19,5,658305694,1900-01-01 04:32:45,1970-08-09
53,Leader.,4,51,245841653,1900-01-01 08:27:09,2023-04-06
54,Television.,14,124,436861938,1900-01-01 18:20:49,2006-10-16
55,Still fast.,8,115,584216723,1900-01-01 06:06:38,1992-07-06
56,Sign.,10,56,206171771,1900-01-01 13:03:11,1982-09-06
57,Relationship.,20,27,780312268,1900-01-01 04:10:32,2015-08-23
58,Trial.,8,1,912586434,1900-01-01 12:05:06,1998-04-18
59,Speech.,24,80,102633154,1900-01-01 04:05:39,1997-02-10
60,Party.,24,24,530891274,1900-01-01 20:50:50,1970-04-05
61,Opportunity behavior.,10,5,531238983,1900-01-01 00:58:42,1970-05-14
62,Industry.,5,125,550714360,1900-01-01 10:20:15,1985-08-27
63,Increase.,24,63,723128038,1900-01-01 07:02:39,2010-06-01
64,Fight.,18,6,972816871,1900-01-01 13:00:40,1986-11-26
65,Community catch.,2,65,519961884,1900-01-01 16:01:29,2013-10-19
66,Gun.,7,81,770729098,1900-01-01 14:45:13,2006-01-01
67,Look dinner.,21,26,865482467,1900-01-01 07:45:20,1974-07-13
68,Check food.,15,28,851611942,1900-01-01 14:30:30,1978-07-31
69,Number worker.,22,77,702121807,1900-01-01 14:26:38,1985-01-03
70,Must describe.,3,122,668781315,1900-01-01 16:55:52,2020-02-17
71,However particular.,3,39,64014767,1900-01-01 18:44:51,2001-06-21
72,Middle fund.,3,102,988018509,1900-01-01 06:22:41,2013-02-09
73,Quality.,15,68,105483812,1900-01-01 12:35:30,1988-06-12
74,Across find.,12,63,9942268,1900-01-01 00:27:13,1989-08-23
75,Health.,18,4,277063063,1900-01-01 02:33:22,1980-08-02
76,Feel.,15,40,736232128,1900-01-01 16:32:53,1978-04-25
77,Girl look.,13,113,921459360,1900-01-01 12:42:13,1982-07-10
78,Natural entire.,19,19,846862232,1900-01-01 22:51:55,1977-02-03
79,Body social.,15,76,978364887,1900-01-01 06:24:30,1985-01-29
80,Although author.,8,75,308224427,1900-01-01 21:21:06,1991-12-10
81,Painting.,6,67,592224385,1900-01-01 20:16:16,1989-10-31
82,Population.,5,115,601623653,1900-01-01 08:51:38,1990-05-20
83,Speech.,18,26,827285327,1900-01-01 01:37:21,2007-11-02
84,List.,3,60,898596848,1900-01-01 06:36:52,2006-07-25
85,Eye.,3,62,634478635,1900-01-01 11:43:42,2001-09-12
86,Firm.,7,64,488029520,1900-01-01 01:07:00,1990-05-13
87,In manager.,5,99,322507632,1900-01-01 11:20:09,1992-06-27
88,Relationship late.,3,72,379921854,1900-01-01 00:55:49,2021-08-11
89,Must believe.,12,25,727162548,1900-01-01 09:41:57,1979-07-13
90,Play American.,20,71,865057099,1900-01-01 16:36:10,2012-07-26
91,Hot.,24,4,915692618,1900-01-01 10:50:15,1985-07-24
92,Way say.,1,44,152193028,1900-01-01 01:05:34,2010-12-28
93,Song.,18,62,373440636,1900-01-01 20:26:06,1986-03-21
94,Religious money.,9,113,416288856,1900-01-01 02:12:00,2010-01-13
95,None pass.,18,89,183154534,1900-01-01 20:13:56,2005-11-09
96,Administration.,20,85,76918753,1900-01-01 23:09:46,1988-03-30
97,Media.,6,62,645067607,1900-01-01 16:05:13,2011-12-06
98,Player herself.,4,33,160436409,1900-01-01 12:21:13,2021-04-02
99,Nearly sister.,9,122,204470461,1900-01-01 14:21:38,2023-09-25
100,Land environmental.,25,50,111721158,1900-01-01 14:34:09,1996-03-30
101,Identify.,3,107,724470013,1900-01-01 22:14:56,1985-07-02
102,Security.,8,100,910738676,1900-01-01 05:06:29,2015-11-14
103,Relationship want.,7,20,51173044,1900-01-01 07:19:32,1994-05-05
104,Usually specific.,6,72,687761362,1900-01-01 05:41:32,1972-02-08
105,Professional measure.,5,26,281731809,1900-01-01 21:33:10,1995-10-02
106,Truth.,25,111,609398250,1900-01-01 03:45:33,2015-03-02
107,Set.,1,30,874600343,1900-01-01 11:46:48,1995-09-12
108,Can.,3,25,90848549,1900-01-01 13:44:20,2020-09-24
109,Listen economy.,5,21,131523989,1900-01-01 06:51:42,2003-02-27
110,Than radio.,6,12,293078574,1900-01-01 19:22:30,2013-12-04
111,Ago front.,2,80,125937438,1900-01-01 16:09:37,1979-06-30
112,From.,3,117,48775377,1900-01-01 23:10:00,1973-02-11
113,Yard.,13,17,215375658,1900-01-01 18:17:30,1976-10-27
114,Lose our.,7,22,920970424,1900-01-01 20:36:27,2012-10-16
115,Material before.,11,100,423128996,1900-01-01 13:41:20,1987-09-16
116,Tend series.,12,36,281587531,1900-01-01 01:31:30,2011-10-04
117,Not traditional.,14,95,308314682,1900-01-01 00:38:28,2004-11-19
118,Drug.,15,19,609313734,1900-01-01 07:55:07,1991-11-26
119,Address analysis.,9,42,127277928,1900-01-01 23:35:40,1980-04-04
120,Often car.,18,113,765773388,1900-01-01 16:54:57,1994-12-18
121,Stay.,4,125,313070220,1900-01-01 14:26:56,1996-10-15
122,Item senior.,15,69,596646071,1900-01-01 04:40:47,2013-08-20
123,Before.,17,113,607249382,1900-01-01 13:44:52,1975-10-30
124,Data stop.,9,96,695480993,1900-01-01 17:54:16,1979-08-14
125,Factor.,24,78,658709564,1900-01-01 00:04:03,1999-03-16
126,Right we.,3,8,353401303,1900-01-01 22:22:51,2010-08-25
127,Agree those.,10,62,912261619,1900-01-01 10:49:05,1985-08-04
128,Subject style.,23,77,924217506,1900-01-01 09:47:03,2011-10-03
129,Now.,25,84,640975702,1900-01-01 12:24:41,1979-06-10
130,Free.,6,115,360267423,1900-01-01 00:11:14,1995-04-08
131,Certain behind.,8,93,827711787,1900-01-01 09:11:04,1999-01-12
132,Ask.,25,94,338727953,1900-01-01 18:06:30,2001-01-09
133,Nice.,23,78,572084087,1900-01-01 08:58:48,2021-08-15
134,Sense free.,18,29,690485557,1900-01-01 21:55:40,1994-08-14
135,Position wonder.,11,32,256977134,1900-01-01 02:11:09,2008-10-04
136,Student age.,19,1,421257291,1900-01-01 23:42:24,1978-01-26
137,Rise modern.,19,9,626372188,1900-01-01 17:39:52,2019-07-13
138,Most current.,11,12,189664495,1900-01-01 10:24:04,1991-07-08
139,Simply game.,23,16,581547063,1900-01-01 11:09:48,1987-12-08
140,Manager foreign.,7,44,434696018,1900-01-01 12:44:26,1970-03-27
141,Require husband.,18,114,624720598,1900-01-01 13:33:31,2022-02-21
142,Occur.,17,112,462959717,1900-01-01 09:10:35,2005-02-15
143,Military.,3,46,410891789,1900-01-01 14:42:21,1979-06-19
144,Series threat.,21,9,524532186,1900-01-01 11:08:46,1972-12-12
145,Trouble above.,2,110,596441659,1900-01-01 23:38:09,2023-01-23
146,Important collection.,7,53,689863436,1900-01-01 10:36:18,2016-01-23
147,Development thank.,16,33,454893086,1900-01-01 08:50:37,2014-10-22
148,On.,16,48,496268199,1900-01-01 01:20:50,2004-06-30
149,Hit plan.,22,71,983885957,1900-01-01 22:59:05,2014-02-12
150,Region six.,11,101,543899210,1900-01-01 17:17:08,1993-05-29
151,Movement feeling.,15,81,456681369,1900-01-01 09:25:59,1974-06-29
152,Against you.,8,67,737272286,1900-01-01 20:49:34,1987-11-07
153,Price.,9,63,430023915,1900-01-01 08:35:17,2010-08-16
154,Mind thank.,5,120,809128275,1900-01-01 19:16:46,2003-11-11
155,Ok enjoy.,17,59,170720689,1900-01-01 18:46:39,1982-07-10
156,End.,8,85,731233269,1900-01-01 07:18:31,1982-03-31
157,Lay administration.,18,42,105357316,1900-01-01 21:29:43,1989-01-03
158,Be right.,1,46,877444658,1900-01-01 23:12:57,2004-01-05
159,Collection.,21,94,755697810,1900-01-01 01:39:02,1994-06-26
160,President.,9,43,476946586,1900-01-01 08:19:47,1981-02-11
161,Down next.,12,46,772814139,1900-01-01 02:20:50,1977-10-02
162,Evidence.,5,120,489273756,1900-01-01 10:23:37,1990-03-05
163,Already doctor.,18,122,777983905,1900-01-01 21:28:37,2006-03-22
164,Born woman.,17,79,977936710,1900-01-01 18:24:19,2000-12-18
165,Reach north.,14,39,205440670,1900-01-01 20:15:08,1979-02-12
166,Check cover.,25,30,135348968,1900-01-01 04:31:03,2008-02-01
167,Occur.,7,83,598379052,1900-01-01 02:01:15,1981-03-24
168,Lot traditional.,21,49,848871105,1900-01-01 12:41:05,2023-12-19
169,Color laugh.,25,26,880841782,1900-01-01 18:39:07,1999-09-13
170,Certainly short.,20,70,252739479,1900-01-01 17:53:58,2008-05-10
171,Bank.,18,76,821932765,1900-01-01 13:46:19,2020-02-25
172,Situation option.,2,123,743483696,1900-01-01 00:31:59,2010-03-30
173,Base.,22,36,854531574,1900-01-01 22:01:20,2017-07-17
174,Speak campaign.,8,47,743009370,1900-01-01 17:01:20,1982-06-29
175,Throw.,16,110,289192810,1900-01-01 12:27:45,1984-01-04
176,Glass art.,11,19,996528047,1900-01-01 00:14:26,1977-03-23
177,Fly that.,21,72,294343340,1900-01-01 04:01:33,1988-02-11
178,Player.,10,22,991049015,1900-01-01 17:59:34,1976-02-08
179,Room entire.,6,64,441810790,1900-01-01 21:45:13,1982-04-13
180,Floor smile.,5,35,846603521,1900-01-01 17:07:10,1976-03-24
181,Third officer.,5,89,822842376,1900-01-01 11:00:54,1970-02-08
182,Make rock.,23,77,126534840,1900-01-01 15:02:33,2024-01-08
183,Certain.,19,93,167429992,1900-01-01 21:11:26,2018-09-30
184,Agent find.,16,112,536339406,1900-01-01 02:47:05,1997-11-04
185,Large improve.,19,42,148258558,1900-01-01 20:17:20,1978-12-12
186,Listen better.,11,59,175109532,1900-01-01 12:35:57,1990-11-21
187,Really.,6,40,754863830,1900-01-01 18:11:39,2015-05-17
188,Improve.,11,53,303108772,1900-01-01 00:29:36,1983-12-20
189,Watch.,22,50,375674656,1900-01-01 07:51:38,2009-06-19
190,Produce specific.,10,83,884185244,1900-01-01 02:17:30,1986-11-22
191,International.,3,117,826926922,1900-01-01 14:55:17,2019-10-24
192,Cultural.,13,78,36466721,1900-01-01 22:49:41,1998-09-26
193,Coach.,19,97,365382281,1900-01-01 00:25:54,1991-02-14
194,Scene society.,21,55,540114616,1900-01-01 07:42:45,1972-06-19
195,Effect.,4,33,211522803,1900-01-01 14:04:39,1992-09-21
196,Game minute.,20,77,901495279,1900-01-01 15:15:13,2013-04-13
197,Movement become.,8,92,45016570,1900-01-01 01:26:18,2005-02-12
198,Peace.,14,52,406295165,1900-01-01 14:29:39,1989-06-08
199,Dog.,16,24,878339480,1900-01-01 08:54:35,2004-11-29
200,Billion.,10,96,977870005,1900-01-01 07:12:00,1982-01-06
201,Environmental allow.,9,59,742717183,1900-01-01 16:59:32,2008-08-22
202,Hot father.,9,69,424504989,1900-01-01 04:58:13,2013-08-22
203,Every lose.,22,51,523026086,1900-01-01 05:32:28,1999-11-21
204,Quite lay.,12,72,941408022,1900-01-01 16:52:45,1992-11-05
205,Democrat.,16,105,339322920,1900-01-01 17:56:05,1996-12-03
206,Term.,3,19,398794967,1900-01-01 09:09:49,2016-11-21
207,Car.,14,74,290512141,1900-01-01 06:28:37,2001-01-24
208,Almost action.,24,112,26534531,1900-01-01 00:26:50,1977-03-25
209,Development make.,23,100,644781378,1900-01-01 18:16:51,2000-02-02
210,Quality year.,6,25,298287490,1900-01-01 01:41:40,2021-04-28
211,Go.,25,122,282629828,1900-01-01 09:26:05,1995-03-24
212,If.,25,102,712491443,1900-01-01 07:55:58,1980-08-26
213,Pm compare.,11,53,159362890,1900-01-01 15:08:47,1995-08-06
214,Pattern again.,24,63,481164998,1900-01-01 05:10:25,1987-01-19
215,My little.,13,2,795022175,1900-01-01 00:17:45,1978-05-22
216,Century.,20,77,938107490,1900-01-01 23:58:45,1990-12-05
217,But.,5,11,301671766,1900-01-01 21:43:08,1970-03-25
218,Argue.,19,15,626210247,1900-01-01 11:47:02,1996-10-18
219,Morning ahead.,13,45,966337507,1900-01-01 03:19:45,1987-09-06
220,Pattern prevent.,16,14,956385595,1900-01-01 07:59:57,1982-10-01
221,Ready.,15,119,488655857,1900-01-01 21:03:10,1990-04-21
222,While.,20,54,764550130,1900-01-01 14:08:38,1978-12-12
223,Election.,19,23,355075973,1900-01-01 04:48:32,2020-06-23
224,Staff rock.,22,55,790381588,1900-01-01 09:13:55,1991-11-15
225,Ever.,20,47,65251340,1900-01-01 14:12:53,2012-01-25
226,Financial response.,16,48,56422741,1900-01-01 14:36:25,1972-03-09
227,Never.,4,116,805095816,1900-01-01 12:15:08,1982-07-20
228,Sometimes fight.,17,116,227243501,1900-01-01 10:26:33,2009-02-18
229,Middle.,19,100,860987831,1900-01-01 09:33:48,1970-05-19
230,With us.,4,84,317890158,1900-01-01 06:59:19,1985-11-19
231,Or player.,1,116,865978763,1900-01-01 20:53:44,2012-07-10
232,Federal actually.,11,118,349508204,1900-01-01 13:54:34,1993-06-26
233,Camera.,6,36,602195423,1900-01-01 02:32:01,2021-06-19
234,Relationship soon.,20,14,462035779,1900-01-01 13:57:29,2017-12-07
235,Cup.,10,43,488387089,1900-01-01 15:24:28,1992-12-12
236,Treatment.,19,13,556480095,1900-01-01 09:12:04,1971-05-03
237,Base senior.,4,109,620690569,1900-01-01 22:38:19,1976-10-21
238,Evening put.,15,44,558814776,1900-01-01 13:18:01,1987-03-03
239,Cultural.,15,14,456257100,1900-01-01 02:02:13,1999-05-20
240,The.,21,70,668295292,1900-01-01 21:18:02,1972-11-17
241,Eye pay.,1,81,778588866,1900-01-01 11:11:17,2006-12-25
242,Leg respond.,24,14,983265960,1900-01-01 10:51:34,2014-06-23
243,Assume.,17,118,188565613,1900-01-01 07:35:56,1996-03-01
244,Cover decade.,2,121,366945005,1900-01-01 06:32:25,1996-08-25
245,Bad night.,9,45,893835411,1900-01-01 18:39:42,2014-07-24
246,Office.,11,125,653959542,1900-01-01 17:51:32,1991-10-27
247,Six.,13,69,262880548,1900-01-01 13:56:59,1998-04-07
248,Part cut.,19,14,538471020,1900-01-01 18:34:59,2017-04-05
249,Do.,15,20,962388524,1900-01-01 09:37:03,1973-11-30
250,Computer.,12,83,937761370,1900-01-01 14:24:08,2002-07-20
251,Me.,19,17,186688565,1900-01-01 04:50:12,2012-06-04
252,Wind hear.,17,93,858403657,1900-01-01 14:34:27,1984-06-04
253,Player fast.,6,51,298417883,1900-01-01 07:10:40,2017-09-24
254,Kitchen once.,4,57,82571483,1900-01-01 19:06:07,1981-10-11
255,Feel.,1,114,19114759,1900-01-01 05:45:24,1993-11-29
256,Cut cause.,16,45,472762181,1900-01-01 13:01:14,2006-06-04
257,Meeting blood.,23,83,749721581,1900-01-01 20:50:59,1989-08-02
258,Mr.,12,75,792462687,1900-01-01 11:02:33,1988-03-07
259,Deep.,12,20,902097546,1900-01-01 02:24:59,2017-05-02
260,Level of.,16,105,118576105,1900-01-01 03:08:28,1982-03-30
261,Capital.,15,95,37409077,1900-01-01 20:14:29,1974-11-08
262,South will.,21,78,171628323,1900-01-01 22:47:18,1991-12-12
263,Husband small.,7,77,609784903,1900-01-01 12:13:32,2007-10-04
264,Example.,12,2,726215328,1900-01-01 14:52:02,1980-05-05
265,Sometimes plant.,4,10,117789799,1900-01-01 07:26:42,1978-07-25
266,Adult measure.,12,71,315853653,1900-01-01 17:40:07,1976-01-23
267,Hold rock.,17,27,743417729,1900-01-01 09:13:35,1981-03-26
268,Carry theory.,14,46,678699456,1900-01-01 03:24:49,2006-10-22
269,Order.,12,31,895688562,1900-01-01 09:38:30,1976-04-03
270,Computer.,10,53,41984228,1900-01-01 04:09:52,1971-05-31
271,World.,23,76,813474686,1900-01-01 05:01:41,1977-12-12
272,Understand take.,2,45,825368753,1900-01-01 08:36:49,1987-03-08
273,Under.,23,50,897166447,1900-01-01 23:14:53,1985-03-23
274,Office.,18,109,82031487,1900-01-01 03:00:15,1980-07-30
275,Chair.,19,34,131584229,1900-01-01 04:44:36,1980-08-12
276,Per time.,22,113,528966846,1900-01-01 06:56:46,2006-10-29
277,Responsibility where.,24,112,107860694,1900-01-01 03:15:51,2022-06-24
278,Anyone.,14,100,989949582,1900-01-01 00:31:23,2011-06-30
279,Idea particular.,17,31,443099908,1900-01-01 09:10:12,1971-06-07
280,Culture.,7,107,582645573,1900-01-01 20:03:17,1976-12-08
281,Wind do.,8,106,118108950,1900-01-01 19:48:23,2009-03-02
282,Agency some.,16,34,773113203,1900-01-01 23:11:17,1981-02-10
283,Tax offer.,18,4,984754710,1900-01-01 12:02:50,1971-10-03
284,History our.,10,57,994668390,1900-01-01 06:25:16,1986-03-05
285,Affect.,17,49,980657477,1900-01-01 22:47:18,2014-05-16
286,Boy.,23,55,901589422,1900-01-01 19:52:59,2018-12-10
287,Whether.,18,64,467009367,1900-01-01 06:14:29,2002-07-01
288,Brother radio.,8,110,950313543,1900-01-01 12:29:43,1990-09-17
289,Full.,22,15,579300156,1900-01-01 18:37:36,2010-11-23
290,Difference.,13,41,384578073,1900-01-01 04:40:23,1998-08-31
291,Pull thousand.,15,72,746930960,1900-01-01 21:15:19,1973-07-20
292,Space.,23,80,777995990,1900-01-01 13:05:11,2024-05-04
293,Research important.,4,5,823816866,1900-01-01 13:29:25,2023-05-26
294,Husband.,23,108,426737785,1900-01-01 04:06:24,1980-07-15
295,Perhaps.,3,58,107887493,1900-01-01 09:54:55,1973-05-06
296,Let.,9,114,975570544,1900-01-01 00:08:35,2006-11-27
297,Democratic.,7,117,406779628,1900-01-01 00:20:26,1978-05-06
298,Can leave.,14,3,874857122,1900-01-01 05:09:24,1982-01-13
299,Report shoulder.,21,73,331267520,1900-01-01 00:41:51,1985-03-30
300,I moment.,22,112,393479015,1900-01-01 14:39:09,2013-08-15
301,Game position.,8,28,121935682,1900-01-01 03:56:14,2003-10-26
302,Thousand magazine.,2,119,23987933,1900-01-01 23:25:21,2017-03-24
303,Season statement.,4,40,320591251,1900-01-01 14:41:52,1977-07-09
304,Positive establish.,23,37,64987598,1900-01-01 09:15:54,2013-01-07
305,Discussion.,11,85,64358625,1900-01-01 22:32:46,1983-06-19
306,Million art.,23,20,328502382,1900-01-01 07:57:07,1973-02-22
307,Sea.,8,101,372918346,1900-01-01 22:27:45,1981-08-03
308,Laugh just.,22,118,796869723,1900-01-01 08:56:42,1970-07-10
309,Property ahead.,13,46,762153260,1900-01-01 06:17:42,2022-07-05
310,Professor.,4,98,432477686,1900-01-01 02:03:15,1972-11-19
311,Family.,5,73,743371136,1900-01-01 07:50:51,1973-11-16
312,Bar.,21,36,453484701,1900-01-01 02:01:05,1998-10-28
313,Technology measure.,10,89,261796926,1900-01-01 05:19:18,2000-07-27
314,Throw.,5,84,414485432,1900-01-01 19:32:09,2005-02-06
315,Kitchen.,12,123,811574770,1900-01-01 17:52:22,2018-03-19
316,Together.,5,56,153684476,1900-01-01 20:37:16,1985-11-19
317,Candidate.,21,45,263254094,1900-01-01 12:10:38,2006-09-13
318,Sister.,17,77,266210136,1900-01-01 10:50:48,1994-07-28
319,Age.,9,55,337160164,1900-01-01 02:24:57,1999-07-18
320,Sport.,7,77,232101481,1900-01-01 17:03:15,1985-09-01
321,Fight floor.,6,116,71900539,1900-01-01 23:53:00,2018-12-17
322,Life.,9,115,82617943,1900-01-01 12:02:17,1983-07-03
323,On.,23,6,73103291,1900-01-01 15:01:44,2013-10-17
324,Generation.,16,7,796093260,1900-01-01 10:06:46,2017-09-11
325,Color.,13,124,981226592,1900-01-01 00:18:30,2001-02-06
326,Suggest color.,6,114,400837879,1900-01-01 17:30:01,1974-10-17
327,Drive.,22,28,180562553,1900-01-01 11:17:40,1994-01-30
328,Become.,12,91,675896946,1900-01-01 23:44:52,2008-11-13
329,Pressure.,15,118,201530275,1900-01-01 03:34:13,2016-01-21
330,Ever.,1,58,539784591,1900-01-01 03:18:44,1992-02-12
331,Cause.,5,24,45106249,1900-01-01 09:48:40,1988-01-12
332,Create usually.,23,66,888251113,1900-01-01 12:20:00,2003-12-08
333,All.,23,2,464130280,1900-01-01 07:12:17,2007-06-28
334,Organization.,3,103,460056821,1900-01-01 20:44:59,1971-05-13
335,City mean.,16,95,902195497,1900-01-01 18:55:32,1987-04-11
336,Phone practice.,4,21,590158431,1900-01-01 04:57:41,2010-03-20
337,White wrong.,22,56,598421284,1900-01-01 17:10:08,1972-08-22
338,Program common.,19,94,547294328,1900-01-01 10:46:05,1994-05-22
339,Site listen.,23,108,474050829,1900-01-01 16:45:45,2013-10-04
340,Author plan.,1,9,469820695,1900-01-01 02:06:05,1999-08-28
341,Statement us.,14,49,169848159,1900-01-01 01:18:25,2016-05-21
342,Born poor.,23,119,877859150,1900-01-01 10:56:52,2021-09-25
343,Picture.,14,2,62234336,1900-01-01 18:50:57,2005-11-05
344,Type authority.,23,90,314849877,1900-01-01 02:07:01,2010-02-25
345,Stop.,7,116,151117480,1900-01-01 04:11:51,1995-02-21
346,Finally itself.,13,117,176792223,1900-01-01 02:41:37,1980-10-16
347,Land thousand.,13,47,841219675,1900-01-01 23:47:33,1998-10-30
348,Set sure.,15,17,765368875,1900-01-01 05:37:25,2004-02-01
349,Include possible.,3,117,665275247,1900-01-01 18:49:42,1993-10-01
350,Move lead.,6,114,403307606,1900-01-01 03:53:16,1975-04-13
351,View.,15,18,887402520,1900-01-01 14:51:58,1971-10-03
352,Show.,24,123,694568948,1900-01-01 13:39:09,2007-01-23
353,Draw country.,11,60,893565019,1900-01-01 16:31:43,1991-12-14
354,Security.,25,94,52073689,1900-01-01 02:58:22,2023-05-25
355,Hope.,11,123,330726102,1900-01-01 12:37:13,1984-04-01
356,Technology.,4,108,607036803,1900-01-01 02:42:02,1999-09-24
357,Congress.,24,88,432946434,1900-01-01 06:24:22,1979-11-04
358,Federal.,16,124,491457777,1900-01-01 06:39:14,1982-05-12
359,Month so.,12,86,666961362,1900-01-01 17:45:37,2015-03-06
360,Rich tell.,2,30,729053205,1900-01-01 21:06:47,1992-04-20
361,Increase quite.,2,100,156918940,1900-01-01 17:21:32,1980-04-02
362,Friend serve.,11,24,791814582,1900-01-01 01:50:11,1985-06-25
363,Social political.,24,116,265918536,1900-01-01 08:35:37,2008-05-13
364,Score.,25,114,616014435,1900-01-01 12:48:28,2012-03-08
365,Such manage.,2,113,788418510,1900-01-01 05:51:27,1979-12-13
366,Recognize drive.,4,15,563143299,1900-01-01 04:00:08,2016-02-11
367,Until value.,1,26,410210230,1900-01-01 11:13:17,1982-01-27
368,Again.,18,74,628216589,1900-01-01 18:46:32,1977-11-03
369,Without recognize.,22,3,648594131,1900-01-01 14:12:43,2015-09-30
370,Form nor.,6,99,113572188,1900-01-01 16:41:45,1993-12-10
371,Surface service.,3,112,159672379,1900-01-01 07:25:04,2000-04-25
372,Because.,23,44,96470292,1900-01-01 19:09:22,2009-08-24
373,Hundred environment.,19,74,58263057,1900-01-01 02:20:33,1989-04-24
374,Option those.,3,62,596041081,1900-01-01 19:54:52,1973-07-26
375,Tv.,15,107,450546891,1900-01-01 02:43:46,1984-12-12
376,Everyone.,8,17,680952640,1900-01-01 04:36:42,1979-08-22
377,Land.,8,71,98636282,1900-01-01 21:46:42,1970-02-26
378,Order push.,16,1,969698417,1900-01-01 18:29:39,2007-05-15
379,Fly.,13,108,75661063,1900-01-01 12:00:15,1976-12-13
380,Move.,13,51,648063537,1900-01-01 03:58:24,1999-09-10
381,Medical.,20,9,330070797,1900-01-01 17:39:11,1990-03-08
382,Else.,19,41,716733387,1900-01-01 20:11:06,2000-06-29
383,Ago my.,14,60,617388945,1900-01-01 07:24:05,2017-12-06
384,Mean.,19,123,615151669,1900-01-01 11:05:47,1994-09-29
385,Worry might.,6,18,553672459,1900-01-01 00:48:53,2010-02-08
386,Activity wait.,10,51,156313897,1900-01-01 06:05:52,2017-06-15
387,Dog.,8,55,32544354,1900-01-01 19:23:34,1973-11-29
388,Tv.,23,120,150095001,1900-01-01 03:20:58,1971-05-04
389,Expect guy.,3,76,667162104,1900-01-01 22:57:42,1994-10-11
390,Coach.,23,57,385885651,1900-01-01 22:59:59,1992-04-09
391,Benefit.,11,33,256602086,1900-01-01 14:27:05,1978-12-21
392,Simple.,12,21,204452436,1900-01-01 15:15:33,1989-07-03
393,Mrs.,14,121,266879110,1900-01-01 09:50:41,2000-04-15
394,Still argue.,9,104,245381365,1900-01-01 10:29:36,2015-11-01
395,New claim.,22,76,691209178,1900-01-01 23:28:52,1982-04-28
396,Society.,8,70,94091589,1900-01-01 15:55:30,1992-08-12
397,Should must.,7,109,244235909,1900-01-01 01:58:48,1994-04-19
398,Stage.,17,77,764785322,1900-01-01 19:55:43,2000-10-17
399,Measure.,9,99,9059202,1900-01-01 03:09:40,2022-05-20
400,Score.,12,120,537475500,1900-01-01 22:47:40,1980-02-13
401,Late.,13,29,873239365,1900-01-01 15:48:24,2003-06-07
402,Mind.,23,59,502348876,1900-01-01 23:41:16,1996-04-23
403,Push direction.,13,44,809851461,1900-01-01 16:43:43,1987-06-06
404,Board.,21,103,571895556,1900-01-01 07:59:42,2020-03-19
405,Baby federal.,1,30,396193376,1900-01-01 22:09:23,2022-07-18
406,What.,22,38,828625378,1900-01-01 02:17:22,1980-09-11
407,Appear.,3,91,856941047,1900-01-01 14:13:19,1972-10-09
408,Whether.,21,40,109123358,1900-01-01 08:39:31,1980-11-22
409,Land.,21,61,4745668,1900-01-01 19:42:11,1970-10-28
410,Research job.,9,78,129903245,1900-01-01 23:36:38,2009-09-28
411,Prevent imagine.,14,60,6017752,1900-01-01 07:16:55,1970-05-13
412,Company.,16,64,875459149,1900-01-01 09:21:53,1992-03-01
413,Half image.,22,11,568284483,1900-01-01 05:19:16,1978-12-04
414,Force.,19,52,665713831,1900-01-01 15:20:07,1990-01-19
415,Call bed.,1,114,856252809,1900-01-01 12:53:13,1984-05-19
416,Teach.,3,8,837822356,1900-01-01 02:04:27,1995-03-09
417,Brother.,9,16,849281952,1900-01-01 21:13:41,2020-07-07
418,Here.,25,6,659470127,1900-01-01 08:43:01,2008-12-17
419,Our make.,18,101,510217247,1900-01-01 21:47:38,2021-07-03
420,Example goal.,5,63,819612090,1900-01-01 21:35:04,2012-03-05
421,Always own.,1,82,549603224,1900-01-01 17:30:36,1977-08-25
422,Bring factor.,12,100,792469208,1900-01-01 03:11:16,1992-06-02
423,Window.,16,24,317019584,1900-01-01 08:23:10,1990-01-28
424,Read.,10,89,615144223,1900-01-01 16:33:54,1972-10-10
425,Thousand happen.,21,73,771221105,1900-01-01 09:03:32,1997-12-04
426,Forget decision.,5,60,788637385,1900-01-01 14:50:31,2000-03-05
427,Resource.,17,24,496822310,1900-01-01 02:56:30,2019-08-27
428,Rule thus.,21,6,791232698,1900-01-01 18:31:31,1996-10-22
429,Situation century.,5,80,582277805,1900-01-01 17:01:21,2004-10-16
430,Own.,6,31,381905605,1900-01-01 22:05:55,1990-03-30
431,Purpose.,3,67,218080362,1900-01-01 22:50:14,1992-12-27
432,Understand.,16,20,652608929,1900-01-01 04:39:37,1985-07-11
433,Good PM.,12,34,686175769,1900-01-01 23:15:37,2022-09-17
434,Participant.,16,64,763416555,1900-01-01 21:16:45,1976-09-17
435,New.,9,14,625403048,1900-01-01 07:19:35,1979-07-31
436,Agent player.,25,70,806289464,1900-01-01 03:16:03,1991-10-10
437,Job system.,24,41,774580363,1900-01-01 00:28:28,1982-06-10
438,Situation seek.,12,91,269553650,1900-01-01 15:23:47,2013-04-21
439,Administration.,19,43,257408405,1900-01-01 03:08:58,1999-05-03
440,Including.,17,62,295270544,1900-01-01 21:59:33,1972-06-29
441,I community.,15,42,175760612,1900-01-01 20:51:58,1971-05-07
442,Allow.,23,19,332859700,1900-01-01 19:26:27,1971-12-01
443,Still anything.,5,113,653518193,1900-01-01 22:14:36,1990-10-11
444,Support.,10,41,66619678,1900-01-01 12:09:56,2012-11-29
445,Radio day.,4,107,441606639,1900-01-01 17:36:55,1982-10-11
446,Young.,6,69,304898437,1900-01-01 03:45:55,1989-08-31
447,Reason.,7,67,836225329,1900-01-01 21:44:31,2002-12-03
448,Still else.,19,125,328735448,1900-01-01 16:05:50,2012-05-03
449,Senior window.,14,123,414101396,1900-01-01 20:10:21,1993-12-13
450,Build.,19,96,416141098,1900-01-01 23:33:47,1997-05-23
451,Step sport.,23,18,535321503,1900-01-01 01:19:59,2001-07-30
452,Night.,20,101,463479835,1900-01-01 16:10:38,2021-06-03
453,Indeed ball.,4,42,285521952,1900-01-01 03:37:24,2018-09-15
454,Should.,3,26,268180491,1900-01-01 00:21:56,1995-07-24
455,Its necessary.,17,73,789333145,1900-01-01 17:06:38,2004-05-18
456,Believe real.,17,46,545522597,1900-01-01 13:59:31,1970-02-02
457,Site.,25,48,311489404,1900-01-01 04:36:51,1977-06-28
458,Dog entire.,12,16,615847529,1900-01-01 04:14:49,1973-07-14
459,Blue.,6,8,690170296,1900-01-01 09:30:07,1972-01-05
460,Receive.,4,107,426600501,1900-01-01 21:20:39,1977-05-04
461,Represent.,4,65,656601318,1900-01-01 01:39:08,1991-06-18
462,Left heart.,19,105,855413201,1900-01-01 15:41:12,1974-09-13
463,Party ready.,19,4,465369674,1900-01-01 18:36:38,2020-06-09
464,Consider.,22,61,99190479,1900-01-01 02:14:27,1978-11-06
465,Trade allow.,19,81,367307668,1900-01-01 15:37:39,1988-07-22
466,Remember ever.,13,15,631947092,1900-01-01 16:28:08,1983-11-25
467,Create.,6,94,390686700,1900-01-01 20:43:42,2013-08-10
468,Mr police.,25,24,677668570,1900-01-01 16:43:58,2009-04-03
469,Interview authority.,14,124,7203864,1900-01-01 21:33:20,1984-01-16
470,Language.,23,103,152285014,1900-01-01 23:06:54,1998-11-23
471,Tend kid.,23,15,432205829,1900-01-01 01:35:22,1978-01-05
472,Trade.,25,15,196372972,1900-01-01 04:58:53,1973-10-24
473,Risk key.,7,22,530096552,1900-01-01 17:21:18,1978-11-28
474,Edge magazine.,12,33,508947988,1900-01-01 20:26:43,1973-08-20
475,Prepare.,10,54,228285321,1900-01-01 01:37:40,2010-09-14
476,See relationship.,13,84,841678476,1900-01-01 17:23:11,1975-12-05
477,Man.,25,118,556343179,1900-01-01 08:29:37,1980-05-02
478,Natural.,11,113,484062601,1900-01-01 17:33:53,1983-02-14
479,Full million.,4,38,503149634,1900-01-01 06:26:08,1971-10-18
480,Already.,18,110,680722543,1900-01-01 19:00:58,2013-11-03
481,Relationship.,9,113,719562010,1900-01-01 14:45:10,2020-08-31
482,Ago.,12,20,505188348,1900-01-01 13:27:28,1982-12-29
483,Food agreement.,15,109,298472240,1900-01-01 19:25:41,2004-03-06
484,Station.,8,53,810856471,1900-01-01 22:55:12,2006-03-15
485,Lot.,17,114,136506072,1900-01-01 01:07:56,1983-02-16
486,Federal require.,9,77,956591548,1900-01-01 21:27:17,1982-06-21
487,Church today.,8,90,777751042,1900-01-01 17:31:08,2007-06-08
488,Forward.,16,122,227888659,1900-01-01 08:58:57,1986-03-03
489,Could movie.,14,16,175466206,1900-01-01 04:42:05,1992-07-17
490,Operation last.,2,63,626781513,1900-01-01 22:41:03,1995-11-21
491,Choose low.,22,20,291544946,1900-01-01 12:13:43,1972-01-24
492,Stuff write.,25,104,36500431,1900-01-01 23:18:52,1991-01-11
493,Message throughout.,24,38,138515201,1900-01-01 06:33:24,2001-05-15
494,Speak.,16,13,62803967,1900-01-01 21:48:24,1998-07-16
495,Imagine.,7,24,860634306,1900-01-01 10:10:44,1980-09-22
496,Young.,21,37,293691902,1900-01-01 16:41:17,1995-08-05
497,Physical agent.,18,38,68022120,1900-01-01 09:56:43,2010-04-19
498,Fall.,10,107,241406048,1900-01-01 10:16:22,2016-12-29
499,Situation wear.,22,22,370130241,1900-01-01 22:23:34,1998-04-30
500,Month.,25,51,790934808,1900-01-01 06:22:04,1997-04-03
501,Establish national.,8,24,891954839,1900-01-01 07:14:23,1990-12-02
502,Air.,20,46,55172922,1900-01-01 18:29:01,2020-12-25
503,Debate few.,17,57,560830339,1900-01-01 06:02:01,1991-02-12
504,Front billion.,19,18,21883539,1900-01-01 10:05:35,1989-11-24
505,Will.,23,74,365991118,1900-01-01 14:20:06,1991-03-21
506,Join.,11,73,911785824,1900-01-01 08:00:11,2010-12-07
507,Attention life.,25,26,191696746,1900-01-01 05:06:34,1982-09-17
508,Produce war.,3,79,920303061,1900-01-01 06:04:25,1975-09-30
509,Lose.,21,39,190619035,1900-01-01 12:34:48,1988-08-31
510,Teacher.,6,69,252395621,1900-01-01 12:19:30,1985-03-22
511,Argue.,20,105,27310743,1900-01-01 14:24:59,2016-06-11
512,Mind.,11,104,532506728,1900-01-01 03:28:37,1990-11-30
513,Peace agree.,24,103,53939259,1900-01-01 13:58:30,2004-07-03
514,Apply special.,16,86,948829293,1900-01-01 16:25:43,1973-08-08
515,Chair.,15,20,494479724,1900-01-01 18:54:30,1995-07-23
516,Candidate full.,21,57,849900247,1900-01-01 05:30:37,1985-01-26
517,Say.,23,12,934771185,1900-01-01 04:06:08,2018-11-05
518,Go community.,25,83,580905827,1900-01-01 16:48:11,2015-09-26
519,Yes like.,24,79,780265338,1900-01-01 10:21:23,1973-09-18
520,Suggest.,5,44,718588669,1900-01-01 19:23:08,1988-02-03
521,Purpose than.,25,84,807701235,1900-01-01 18:21:08,2002-08-23
522,Conference over.,1,83,666566638,1900-01-01 07:36:31,1991-07-28
523,Head.,22,104,164577379,1900-01-01 10:14:58,1993-10-14
524,Word.,11,124,111884636,1900-01-01 06:35:56,1982-09-06
525,Whatever capital.,15,55,44947091,1900-01-01 01:48:11,2009-10-18
526,Back.,21,58,361683592,1900-01-01 16:05:16,1994-09-01
527,We law.,7,16,818570226,1900-01-01 13:10:35,2003-01-12
528,Dark.,16,113,980081290,1900-01-01 21:17:11,1984-07-23
529,Most.,19,82,519273694,1900-01-01 01:23:22,1978-02-04
530,Full police.,22,80,909400861,1900-01-01 05:13:28,1984-01-17
531,Ball.,21,63,994818823,1900-01-01 04:51:59,2023-09-13
532,Energy hot.,15,25,495833876,1900-01-01 03:58:57,2021-10-26
533,Outside memory.,6,37,915524071,1900-01-01 00:13:25,2019-04-09
534,View daughter.,7,116,235183539,1900-01-01 22:59:58,1970-08-25
535,Brother.,19,51,719933461,1900-01-01 14:23:05,2000-12-09
536,Always save.,1,117,508997191,1900-01-01 20:18:42,2005-03-18
537,Manage.,19,70,122761671,1900-01-01 13:49:32,2014-04-04
538,Others.,10,25,211184075,1900-01-01 20:20:44,1979-01-15
539,Focus south.,24,71,374272040,1900-01-01 21:58:51,2001-02-19
540,Type.,24,12,648403987,1900-01-01 20:45:05,2022-08-22
541,Push also.,9,117,236926800,1900-01-01 12:04:17,2016-12-09
542,Join.,11,40,615798254,1900-01-01 19:22:03,1974-08-07
543,Scene inside.,13,25,721211158,1900-01-01 06:38:48,2016-06-27
544,Coach politics.,16,102,483980151,1900-01-01 08:15:12,1989-08-16
545,Picture current.,2,121,770247341,1900-01-01 03:52:46,1974-06-28
546,Not.,11,113,603720026,1900-01-01 01:51:03,2011-05-08
547,Stand.,5,14,445589850,1900-01-01 08:45:44,1993-05-02
548,Send.,14,85,718477060,1900-01-01 09:42:46,2004-09-30
549,Cause adult.,7,114,745929039,1900-01-01 15:07:16,2008-01-12
550,Federal.,13,105,105925400,1900-01-01 21:50:21,1993-11-06
551,Director establish.,8,89,886066386,1900-01-01 08:25:30,1976-02-03
552,Forward.,14,29,355532889,1900-01-01 00:00:35,1987-06-07
553,Best cup.,1,103,315970847,1900-01-01 05:22:01,2012-03-09
554,College the.,2,69,156075869,1900-01-01 04:19:16,2015-08-30
555,Figure.,20,55,592900921,1900-01-01 19:18:07,2005-01-12
556,Ground thousand.,6,35,676378838,1900-01-01 17:58:12,1989-09-05
557,Success.,8,125,147006895,1900-01-01 17:10:01,2016-10-03
558,After real.,11,86,478769732,1900-01-01 17:09:38,2015-10-14
559,True.,18,113,636877580,1900-01-01 01:58:44,2020-10-13
560,That military.,7,47,174724371,1900-01-01 02:30:35,1980-12-02
561,Report role.,11,105,122800067,1900-01-01 13:20:55,1978-10-23
562,Drug arm.,25,89,162653755,1900-01-01 20:33:59,1973-12-07
563,Somebody onto.,17,66,137742162,1900-01-01 02:43:12,1988-10-13
564,Report low.,23,95,340490153,1900-01-01 12:42:32,2023-04-05
565,Edge keep.,7,38,566635784,1900-01-01 23:41:50,2021-02-06
566,My stage.,14,41,917605482,1900-01-01 18:09:02,2019-09-16
567,Cold.,6,109,903500551,1900-01-01 13:23:21,1971-09-14
568,Agent agree.,13,85,954585212,1900-01-01 21:23:02,1996-06-08
569,Agree.,13,77,555530228,1900-01-01 04:48:54,2006-08-23
570,Democratic.,3,105,445970685,1900-01-01 14:10:33,2002-03-12
571,Accept control.,9,95,325106303,1900-01-01 00:33:12,1991-07-09
572,Until.,6,82,431065768,1900-01-01 08:04:12,1976-11-17
573,Make partner.,7,93,933687851,1900-01-01 10:13:05,2021-08-14
574,Group daughter.,24,45,431572385,1900-01-01 12:18:49,2003-08-13
575,Still.,9,1,41413557,1900-01-01 05:39:10,2012-01-04
576,After list.,23,117,367797394,1900-01-01 03:44:52,2022-01-06
577,Start.,15,19,704042673,1900-01-01 21:20:30,2015-05-16
578,Include.,23,88,623835817,1900-01-01 02:15:23,2015-06-01
579,Discuss lose.,7,61,807218891,1900-01-01 12:19:40,2024-04-19
580,Here management.,15,43,81646882,1900-01-01 12:37:20,1985-06-10
581,Old beat.,18,37,195410110,1900-01-01 14:48:21,2010-02-19
582,Positive.,23,116,700840655,1900-01-01 10:17:44,2000-06-05
583,Magazine whatever.,5,119,675492326,1900-01-01 22:37:22,1992-02-14
584,Scene room.,18,106,916916976,1900-01-01 01:59:18,1987-11-04
585,Step.,11,13,145333976,1900-01-01 08:46:36,2017-04-11
586,Church worry.,23,89,732858421,1900-01-01 07:26:44,2004-01-26
587,Task animal.,3,117,788535544,1900-01-01 10:50:45,1996-04-20
588,Arm own.,11,104,47922909,1900-01-01 13:47:21,1980-05-28
589,Eight center.,14,103,450275308,1900-01-01 20:52:56,2009-04-26
590,Necessary.,2,125,579403689,1900-01-01 02:50:40,1999-09-17
591,In help.,21,38,150201365,1900-01-01 23:02:26,2005-07-27
592,Mr.,11,100,680324036,1900-01-01 06:44:37,1975-04-09
593,Realize reveal.,2,114,300047972,1900-01-01 04:02:02,2010-10-30
594,Project human.,19,67,987101773,1900-01-01 01:22:22,1986-11-20
595,News.,5,54,652111744,1900-01-01 06:16:42,1983-04-29
596,If town.,9,63,663245938,1900-01-01 02:30:51,1990-03-26
597,Name.,18,65,448149589,1900-01-01 19:46:01,2020-05-11
598,Bad.,17,125,849581747,1900-01-01 05:31:49,2000-06-11
599,Then.,16,39,853323054,1900-01-01 23:49:04,2015-11-26
600,Into.,19,109,932425300,1900-01-01 09:28:20,2021-09-07
601,Collection.,2,110,510480790,1900-01-01 12:51:41,2011-05-20
602,Four low.,16,8,756386706,1900-01-01 19:25:07,2006-07-25
603,Eye.,19,111,191210685,1900-01-01 10:57:35,1981-12-25
604,Yeah former.,6,37,367424343,1900-01-01 18:36:59,1985-11-11
605,Beat.,7,88,534510202,1900-01-01 08:55:12,1991-06-07
606,Party interest.,13,116,666937453,1900-01-01 19:32:11,1992-10-25
607,Compare performance.,10,111,79278031,1900-01-01 17:40:25,2012-08-31
608,Which.,18,33,31313447,1900-01-01 21:48:09,1980-12-14
609,Positive.,9,39,116324768,1900-01-01 16:13:37,1996-06-27
610,How process.,4,105,520901835,1900-01-01 00:40:49,2019-01-26
611,Have.,16,76,640672554,1900-01-01 09:41:55,1993-03-20
612,Trouble never.,23,116,239369167,1900-01-01 23:07:09,1987-01-20
613,Food.,5,118,977485516,1900-01-01 14:33:23,1980-06-05
614,News.,19,104,495932394,1900-01-01 08:27:44,1991-06-21
615,Eye.,24,3,888404660,1900-01-01 02:12:13,1980-03-25
616,Public company.,4,14,779565551,1900-01-01 14:39:27,1981-01-30
617,In board.,3,1,659904845,1900-01-01 05:49:45,2015-04-05
618,Close without.,8,124,917183858,1900-01-01 00:36:44,1980-09-07
619,Create.,17,117,579133625,1900-01-01 06:25:20,1982-10-13
620,Will.,3,27,785778622,1900-01-01 07:48:20,1989-11-05
621,Collection.,9,70,800492549,1900-01-01 21:52:40,1978-05-14
622,And modern.,25,31,515481668,1900-01-01 08:09:14,2022-01-10
623,Common.,11,57,896494386,1900-01-01 13:35:56,1981-02-17
624,Couple marriage.,12,52,479370722,1900-01-01 13:18:19,2015-01-22
625,Ever recent.,17,116,656847018,1900-01-01 23:56:47,2012-03-05
626,Learn.,15,47,967327666,1900-01-01 02:03:53,1977-06-07
627,Score.,1,42,317123444,1900-01-01 22:53:19,1988-06-23
628,Choice by.,4,35,391400941,1900-01-01 15:16:13,2001-06-06
629,Source.,6,69,779267392,1900-01-01 19:19:52,1998-07-26
630,Me.,11,117,936586336,1900-01-01 17:31:31,2006-09-09
631,Trial.,5,10,346360842,1900-01-01 11:00:48,2015-12-08
632,Culture between.,9,47,312859973,1900-01-01 13:56:54,1985-11-04
633,Help attack.,17,102,807737541,1900-01-01 04:59:27,1971-11-09
634,Technology.,8,50,820730389,1900-01-01 06:33:25,2018-05-04
635,Pull.,23,9,534973691,1900-01-01 02:47:45,1993-04-26
636,Plan.,10,16,108751333,1900-01-01 20:45:54,2015-04-16
637,Type budget.,1,61,956298395,1900-01-01 03:17:01,1985-01-17
638,System.,15,6,111769205,1900-01-01 00:20:18,2001-10-15
639,Throughout through.,9,8,331497725,1900-01-01 09:16:21,1974-11-28
640,Carry push.,17,3,715664699,1900-01-01 03:54:33,1984-04-07
641,Ever.,23,13,631973428,1900-01-01 19:37:21,2013-06-11
642,Final agreement.,11,99,706734640,1900-01-01 14:34:18,2024-02-05
643,International foot.,5,96,41929354,1900-01-01 01:16:08,2008-10-11
644,Positive.,1,86,320234982,1900-01-01 04:44:43,1991-08-26
645,Him scientist.,19,79,662247981,1900-01-01 12:56:08,2005-09-12
646,Quality.,6,61,724002955,1900-01-01 15:10:40,2003-12-13
647,Anything.,20,124,96846891,1900-01-01 06:06:44,2022-11-08
648,Despite black.,18,110,634076686,1900-01-01 05:19:15,1983-08-05
649,Hold assume.,9,42,595681999,1900-01-01 08:07:25,1989-02-02
650,Among ask.,18,67,523863268,1900-01-01 02:56:19,1971-06-03
651,Pass.,5,68,807741868,1900-01-01 13:03:12,1995-12-20
652,Alone.,25,115,125134612,1900-01-01 04:20:06,2021-09-12
653,Own area.,8,100,49490932,1900-01-01 15:54:28,2023-08-21
654,Allow.,6,27,287132787,1900-01-01 22:44:14,1981-12-05
655,Set.,6,123,834406722,1900-01-01 02:48:21,1990-10-19
656,Break.,10,13,416477006,1900-01-01 07:02:53,1970-10-26
657,Yard our.,22,27,214951084,1900-01-01 15:16:35,1992-06-21
658,Sister doctor.,3,75,386516957,1900-01-01 03:56:08,1987-01-17
659,Right.,12,14,725407700,1900-01-01 20:32:00,1989-03-24
660,Human thought.,1,50,681548608,1900-01-01 04:06:21,1991-10-05
661,Discuss.,4,59,927106860,1900-01-01 16:34:54,2017-06-13
662,She.,20,64,237033758,1900-01-01 23:24:50,2010-10-30
663,Quality bring.,16,115,315980247,1900-01-01 08:58:20,1990-09-25
664,Present.,18,22,283013827,1900-01-01 22:34:15,1985-11-13
665,Respond social.,24,92,545512649,1900-01-01 16:11:02,1976-12-09
666,Ability.,21,72,914418925,1900-01-01 05:44:11,1980-01-11
667,Become place.,25,58,41684943,1900-01-01 13:54:26,1976-11-07
668,Improve pressure.,6,97,420365272,1900-01-01 14:46:31,2007-04-04
669,Friend.,20,109,340305884,1900-01-01 09:13:52,2015-06-02
670,President.,18,7,5595022,1900-01-01 04:13:04,1974-02-26
671,Approach us.,7,113,100684022,1900-01-01 14:21:45,2004-11-12
672,Phone sport.,3,7,499594664,1900-01-01 13:09:54,1991-06-10
673,Born.,17,86,82454046,1900-01-01 15:35:27,1978-09-18
674,Together politics.,5,60,576309006,1900-01-01 00:20:25,1979-11-27
675,Argue.,2,8,894622354,1900-01-01 07:33:43,2000-10-11
676,East commercial.,10,115,65404237,1900-01-01 12:52:19,1997-09-01
677,Play.,17,36,580910001,1900-01-01 13:10:32,1975-07-05
678,Arm mother.,20,23,593997835,1900-01-01 04:53:12,1979-06-06
679,Open.,17,87,673015789,1900-01-01 00:52:57,1995-07-27
680,Summer.,5,17,157169387,1900-01-01 13:39:38,1989-11-01
681,Say team.,16,99,456402448,1900-01-01 11:22:39,1998-06-19
682,Organization.,14,104,827053989,1900-01-01 02:11:48,2021-11-27
683,Seem official.,14,11,12765737,1900-01-01 16:21:45,1981-05-02
684,Play.,13,5,902287033,1900-01-01 23:21:54,1972-10-21
685,Today sense.,22,9,575337881,1900-01-01 15:06:42,1985-06-18
686,Well to.,5,120,641691032,1900-01-01 15:41:37,2018-09-29
687,Appear.,22,12,100519209,1900-01-01 17:53:54,1984-02-23
688,Everything.,14,26,860748935,1900-01-01 04:46:44,1978-04-26
689,Position adult.,7,98,880254790,1900-01-01 05:37:03,2023-04-26
690,Fight.,3,103,243662858,1900-01-01 10:34:21,1970-08-18
691,West value.,24,61,708311115,1900-01-01 17:03:40,2024-01-10
692,Low.,2,36,15517785,1900-01-01 01:01:08,1971-01-24
693,Carry.,4,49,350867525,1900-01-01 22:15:42,1994-10-02
694,Sell new.,16,101,617682027,1900-01-01 20:31:04,2014-08-04
695,Stock.,18,111,839708914,1900-01-01 03:04:58,1999-02-15
696,Letter space.,10,87,590673497,1900-01-01 14:34:01,1979-02-04
697,Skin become.,9,110,370545509,1900-01-01 12:01:10,2009-11-10
698,Easy.,12,48,147224969,1900-01-01 19:42:27,2017-02-13
699,Ask.,7,123,413678434,1900-01-01 05:39:08,2007-07-27
700,Together.,18,48,129632574,1900-01-01 06:17:54,2006-10-19
701,Type again.,6,21,95012744,1900-01-01 22:34:51,2013-04-07
702,Life tough.,25,27,768713897,1900-01-01 19:27:33,1993-06-20
703,Population.,7,66,17327159,1900-01-01 18:19:20,2024-02-29
704,Role.,11,110,165135924,1900-01-01 03:27:22,2011-10-17
705,Just likely.,22,51,252681036,1900-01-01 22:39:24,2016-07-09
706,Enter.,24,116,298924677,1900-01-01 08:25:45,1974-09-24
707,Cover.,17,7,998859692,1900-01-01 06:26:41,1989-12-18
708,Toward.,16,11,136300366,1900-01-01 14:10:09,2013-07-15
709,American.,6,29,757149593,1900-01-01 21:13:40,1990-03-09
710,Toward.,22,49,976330555,1900-01-01 15:14:46,2014-12-06
711,While issue.,20,6,436937747,1900-01-01 11:06:35,1972-02-25
712,Between effort.,18,30,167670703,1900-01-01 09:16:22,2021-05-01
713,Region.,24,108,121104385,1900-01-01 05:24:07,2016-04-12
714,Church red.,4,23,570992055,1900-01-01 11:52:42,1991-07-13
715,Girl wonder.,4,3,975673921,1900-01-01 09:51:40,2002-02-22
716,Method.,18,68,444466119,1900-01-01 08:55:22,1999-02-28
717,Indeed.,20,23,984258754,1900-01-01 06:49:04,2017-09-14
718,Other general.,25,75,199976584,1900-01-01 19:56:07,2017-01-14
719,Someone.,19,96,185871213,1900-01-01 00:20:09,2000-01-10
720,Visit evening.,3,70,198317395,1900-01-01 06:39:41,2000-08-07
721,General.,6,91,144190131,1900-01-01 09:14:10,1990-11-07
722,Party indeed.,4,20,795596172,1900-01-01 14:41:27,1981-11-08
723,Factor.,7,56,915854335,1900-01-01 12:01:54,2015-03-22
724,Back.,12,122,77995404,1900-01-01 03:44:04,1997-02-19
725,Ball.,19,85,844939790,1900-01-01 04:12:33,1989-12-02
726,Stay within.,14,26,609004423,1900-01-01 10:08:12,1992-06-28
727,Agreement.,7,14,363171870,1900-01-01 02:09:21,2007-10-11
728,Them.,16,36,899369830,1900-01-01 19:47:28,2023-09-10
729,Care option.,11,109,924865193,1900-01-01 05:51:04,1993-11-30
730,Together challenge.,5,60,259750293,1900-01-01 13:06:30,2012-09-28
731,Lay certainly.,19,69,87614672,1900-01-01 18:14:21,1994-11-10
732,Street.,22,76,999569144,1900-01-01 20:32:13,2004-06-08
733,Little five.,20,77,527818564,1900-01-01 01:34:40,2006-05-23
734,Win hold.,8,48,601198949,1900-01-01 07:45:34,2005-11-08
735,Line ask.,22,85,870981952,1900-01-01 21:50:21,1978-03-14
736,Case sound.,22,93,67282269,1900-01-01 20:58:50,1982-02-09
737,Able.,5,105,374253846,1900-01-01 22:37:11,2019-03-26
738,Know.,8,85,280511791,1900-01-01 09:40:24,2008-02-17
739,Guess section.,17,11,649036606,1900-01-01 22:38:40,2010-06-29
740,Politics run.,1,37,836740381,1900-01-01 16:34:32,1989-02-27
741,Decision crime.,6,39,808967279,1900-01-01 20:52:46,1978-10-12
742,Level movement.,4,29,701013753,1900-01-01 15:14:29,1981-02-20
743,Doctor.,10,51,587428225,1900-01-01 23:53:09,1971-12-18
744,Coach.,2,31,911540041,1900-01-01 21:32:03,2018-01-17
745,Tough.,1,12,110033804,1900-01-01 05:50:53,1989-01-22
746,Blood expert.,15,114,779075019,1900-01-01 21:58:04,2014-10-04
747,Green trade.,6,97,687068212,1900-01-01 00:30:51,2008-06-17
748,Democrat key.,13,89,622515149,1900-01-01 06:55:19,2011-08-02
749,If.,19,37,700370752,1900-01-01 06:56:22,2010-08-16
750,Hospital.,8,36,112079871,1900-01-01 06:25:04,1982-12-13
751,Democratic.,23,98,580573015,1900-01-01 23:38:59,1991-03-22
752,Our sit.,13,10,630558766,1900-01-01 08:01:56,2014-09-06
753,Available.,18,65,254764635,1900-01-01 21:17:00,2016-08-28
754,Behind.,23,114,345155832,1900-01-01 01:53:36,1971-02-24
755,Sound.,6,107,120417225,1900-01-01 18:56:03,2001-04-02
756,Painting.,21,92,272605260,1900-01-01 18:33:36,2018-03-06
757,Wish likely.,18,97,273891105,1900-01-01 09:27:22,1988-08-07
758,Note institution.,12,97,463875697,1900-01-01 03:48:36,1988-01-19
759,Wear.,25,37,149474572,1900-01-01 21:14:37,2010-11-02
760,Tax.,3,94,983866394,1900-01-01 21:28:32,1996-07-07
761,Unit.,5,50,626716355,1900-01-01 23:52:22,2016-09-27
762,Pass country.,2,83,695852455,1900-01-01 05:12:02,1976-06-17
763,Same any.,3,32,879506687,1900-01-01 04:43:04,1998-10-13
764,Concern.,7,71,273872390,1900-01-01 07:25:32,1992-04-26
765,Great writer.,25,86,60195040,1900-01-01 10:51:56,2018-05-31
766,Live.,6,124,647004129,1900-01-01 23:52:43,1986-04-01
767,Table.,4,109,282227809,1900-01-01 15:59:16,1988-09-17
768,Body service.,24,67,364842267,1900-01-01 18:41:03,2002-04-09
769,Fire.,3,101,29733704,1900-01-01 11:02:54,2001-09-01
770,Usually couple.,23,84,17648415,1900-01-01 18:15:21,2013-06-14
771,Book.,10,53,385530543,1900-01-01 14:46:18,2002-11-29
772,Determine.,5,68,440752092,1900-01-01 11:55:21,2019-09-14
773,Share him.,13,110,262050907,1900-01-01 02:31:28,2002-07-15
774,Than fill.,22,35,818164727,1900-01-01 13:37:28,2021-05-31
775,Great.,17,38,980505505,1900-01-01 11:31:59,2010-05-14
776,Guess.,12,23,249426161,1900-01-01 20:02:44,2008-01-28
777,Improve there.,10,116,510010586,1900-01-01 20:20:12,2019-06-27
778,Now.,10,90,659345226,1900-01-01 14:21:16,2010-11-21
779,Degree home.,22,48,91322199,1900-01-01 22:45:54,2000-03-10
780,Order cup.,3,47,315689965,1900-01-01 02:44:48,2011-09-23
781,Fall wrong.,4,37,246148989,1900-01-01 16:26:56,1981-06-15
782,Account above.,20,20,491836613,1900-01-01 14:54:23,1996-03-08
783,Magazine.,19,124,781490321,1900-01-01 14:54:29,2015-08-07
784,More.,12,45,77070735,1900-01-01 00:21:44,1974-07-07
785,Entire represent.,6,67,223033310,1900-01-01 09:10:31,2008-02-20
786,Know leave.,13,31,325349224,1900-01-01 00:06:25,1985-09-15
787,Tell.,4,40,43988825,1900-01-01 15:55:26,1984-08-07
788,Up.,21,96,269071284,1900-01-01 16:32:57,2017-08-15
789,Us.,24,32,906969731,1900-01-01 08:29:24,2015-02-19
790,Most.,6,79,716873712,1900-01-01 19:04:50,1976-12-08
791,To after.,19,89,897402388,1900-01-01 13:40:14,2021-12-16
792,Student ten.,2,118,678909929,1900-01-01 15:41:57,2015-09-19
793,Cover heart.,11,110,352031141,1900-01-01 02:05:43,1988-06-17
794,Name.,19,117,82195534,1900-01-01 23:03:27,1987-01-16
795,Tax should.,11,54,47260294,1900-01-01 00:19:24,2012-06-01
796,Mention.,15,122,136701227,1900-01-01 20:09:11,2007-05-28
797,Wife.,13,17,411037715,1900-01-01 00:31:22,1977-11-27
798,Compare.,12,111,429193714,1900-01-01 12:17:54,1972-07-30
799,Everything from.,19,5,887984049,1900-01-01 08:53:26,1997-04-09
800,Candidate return.,8,49,663022148,1900-01-01 08:10:12,1976-07-14
801,Board knowledge.,12,4,856716043,1900-01-01 03:11:18,2014-11-10
802,Go.,4,42,331492736,1900-01-01 08:59:09,1973-03-26
803,Action.,5,72,834747685,1900-01-01 12:22:23,1986-10-26
804,Society never.,5,30,12902505,1900-01-01 13:46:26,2013-09-13
805,Although.,11,96,371520744,1900-01-01 07:12:19,1987-12-23
806,South shoulder.,19,4,374173534,1900-01-01 21:05:50,2020-05-28
807,Full final.,2,121,381667785,1900-01-01 23:28:02,2001-04-22
808,Way federal.,14,41,145992553,1900-01-01 16:07:36,1981-11-21
809,Situation.,4,77,8176395,1900-01-01 20:50:55,2024-03-28
810,Piece administration.,12,4,912660535,1900-01-01 00:50:49,1991-03-13
811,Meet.,1,21,618888344,1900-01-01 22:39:00,1979-01-01
812,Food hour.,25,26,135197313,1900-01-01 00:04:39,2014-11-10
813,Fund.,24,11,124395327,1900-01-01 10:09:45,2020-12-12
814,Measure call.,16,92,814270733,1900-01-01 21:37:45,2000-08-26
815,Agent simple.,17,65,457783867,1900-01-01 20:55:55,1980-03-19
816,Yeah whatever.,4,89,553862779,1900-01-01 22:35:24,1983-11-18
817,Suddenly deal.,20,14,236460136,1900-01-01 07:46:16,1970-06-09
818,Notice.,22,84,810956109,1900-01-01 20:24:16,1994-02-11
819,Financial.,15,26,835545808,1900-01-01 09:19:42,1990-08-30
820,Bed may.,21,91,807054728,1900-01-01 15:19:09,2001-11-20
821,Continue challenge.,4,94,216645766,1900-01-01 17:07:25,1977-09-03
822,Congress.,14,24,304921164,1900-01-01 18:00:41,2020-09-29
823,Federal.,9,23,996513440,1900-01-01 10:35:52,2016-11-27
824,Series.,6,124,639082416,1900-01-01 18:19:04,1981-02-05
825,Chance father.,21,18,239212741,1900-01-01 09:52:39,2014-10-22
826,Party newspaper.,12,78,762157944,1900-01-01 04:36:09,2005-06-16
827,End force.,8,105,570579708,1900-01-01 15:57:20,1975-07-05
828,Process.,13,34,525003267,1900-01-01 11:57:26,1971-05-05
829,Behind.,23,19,761950472,1900-01-01 19:40:02,2011-05-25
830,Amount notice.,6,83,278470548,1900-01-01 18:14:35,1983-09-28
831,Task machine.,6,6,333688339,1900-01-01 05:50:54,1975-01-16
832,Painting suffer.,7,76,923471895,1900-01-01 19:22:33,2011-10-20
833,Watch.,19,9,406024577,1900-01-01 15:02:42,1983-07-24
834,Ready least.,24,41,961968268,1900-01-01 04:38:12,1982-04-10
835,Two.,1,123,594185885,1900-01-01 03:36:54,1978-01-30
836,Model.,11,118,801941574,1900-01-01 16:26:44,1973-09-18
837,Agree source.,19,85,819323275,1900-01-01 06:25:07,1977-07-19
838,Win career.,25,2,57582726,1900-01-01 08:52:27,2000-09-09
839,Knowledge.,22,16,846516633,1900-01-01 14:03:26,1987-05-26
840,When.,18,71,283267733,1900-01-01 06:12:09,1997-02-03
841,Lead operation.,2,87,851167912,1900-01-01 20:38:59,1982-04-19
842,Hard act.,6,96,415988091,1900-01-01 06:42:53,2013-11-04
843,Policy.,4,26,846484158,1900-01-01 01:35:42,1977-02-01
844,Job.,4,71,762004907,1900-01-01 15:35:52,1973-05-27
845,Attack into.,8,68,80745702,1900-01-01 15:46:03,2003-05-05
846,Also us.,22,12,854732241,1900-01-01 01:54:52,2013-10-18
847,Remain.,24,24,591809648,1900-01-01 02:44:34,1983-10-03
848,Include.,16,19,640377596,1900-01-01 15:12:34,2013-09-30
849,Set worker.,13,105,424712217,1900-01-01 00:50:54,2023-11-16
850,Program three.,14,116,296084271,1900-01-01 08:58:20,2020-06-12
851,Field.,18,103,393714289,1900-01-01 22:18:12,2002-08-15
852,Pass against.,8,43,533730526,1900-01-01 02:03:34,2011-06-23
853,Opportunity resource.,12,69,65990615,1900-01-01 20:36:40,2009-05-19
854,Agree Democrat.,3,47,393272204,1900-01-01 22:47:57,1995-03-22
855,Reach early.,11,60,54505895,1900-01-01 03:08:01,1974-08-27
856,Many voice.,22,118,474108954,1900-01-01 07:39:18,1975-07-10
857,Tough.,14,64,996479854,1900-01-01 13:06:11,1973-12-16
858,Dinner agency.,24,28,287711642,1900-01-01 23:25:25,2021-03-15
859,Out knowledge.,20,76,742748607,1900-01-01 06:23:02,2007-04-15
860,Court site.,10,3,690993441,1900-01-01 01:26:03,2000-06-08
861,Seem.,15,9,992009371,1900-01-01 23:14:14,2009-10-24
862,Able.,8,14,509329336,1900-01-01 19:23:29,1975-08-02
863,Whole position.,8,115,91028185,1900-01-01 15:01:54,1989-10-20
864,Generation.,9,53,411797857,1900-01-01 01:36:48,1990-02-02
865,Artist.,18,91,47858091,1900-01-01 01:31:05,1999-12-05
866,Point.,7,26,762319158,1900-01-01 00:04:16,1985-01-19
867,Front.,16,110,12429958,1900-01-01 19:12:49,2019-06-03
868,Recently.,21,119,964519981,1900-01-01 17:58:21,1987-08-20
869,Authority.,25,2,111280322,1900-01-01 08:53:59,1970-12-23
870,Though.,2,119,741771103,1900-01-01 04:48:09,2023-06-09
871,Right.,25,114,894579374,1900-01-01 06:08:58,2010-08-22
872,Race truth.,19,110,493732683,1900-01-01 01:10:05,1981-05-05
873,Film effort.,6,65,151626745,1900-01-01 02:13:51,1982-01-05
874,Generation.,1,77,722967723,1900-01-01 05:03:33,1987-11-22
875,By.,2,103,547057248,1900-01-01 11:57:57,1983-07-06
